<?xml version="1.0" encoding="UTF-8"?><?xml-stylesheet type='text/xsl' href='_UpgradeReport_Files/UpgradeReport.xslt'?><UpgradeLog>
<Properties><Property Name="Solution" Value="examOline">
</Property><Property Name="Solution File" Value="D:\ExamOnLine\examOline\examOline.sln">
</Property><Property Name="Date" Value="2015年3月14日">
</Property><Property Name="Time" Value="14:48">
</Property></Properties><Event ErrorLevel="0" Project="" Source="examOline.sln" Description="Solution converted successfully">
</Event><Event ErrorLevel="3" Project="" Source="examOline.sln" Description="Converted">
</Event></UpgradeLog>